id,kode_provinsi,nama_provinsi,kode_kabupaten_kota,nama_kabupaten_kota,jenis_odtw,jumlah_odtw,satuan,tahun
1,32,JAWA BARAT,3201,KABUPATEN BOGOR,ALAM,38,LOKASI,2014
2,32,JAWA BARAT,3201,KABUPATEN BOGOR,BUDAYA,3,LOKASI,2014
3,32,JAWA BARAT,3201,KABUPATEN BOGOR,MINAT KHUSUS,4,LOKASI,2014
4,32,JAWA BARAT,3202,KABUPATEN SUKABUMI,ALAM,36,LOKASI,2014
5,32,JAWA BARAT,3202,KABUPATEN SUKABUMI,BUDAYA,7,LOKASI,2014
6,32,JAWA BARAT,3202,KABUPATEN SUKABUMI,MINAT KHUSUS,7,LOKASI,2014
7,32,JAWA BARAT,3203,KABUPATEN CIANJUR,ALAM,12,LOKASI,2014
8,32,JAWA BARAT,3203,KABUPATEN CIANJUR,BUDAYA,4,LOKASI,2014
9,32,JAWA BARAT,3203,KABUPATEN CIANJUR,MINAT KHUSUS,1,LOKASI,2014
10,32,JAWA BARAT,3204,KABUPATEN BANDUNG,ALAM,39,LOKASI,2014
11,32,JAWA BARAT,3204,KABUPATEN BANDUNG,BUDAYA,14,LOKASI,2014
12,32,JAWA BARAT,3204,KABUPATEN BANDUNG,MINAT KHUSUS,0,LOKASI,2014
13,32,JAWA BARAT,3205,KABUPATEN GARUT,ALAM,28,LOKASI,2014
14,32,JAWA BARAT,3205,KABUPATEN GARUT,BUDAYA,5,LOKASI,2014
15,32,JAWA BARAT,3205,KABUPATEN GARUT,MINAT KHUSUS,6,LOKASI,2014
16,32,JAWA BARAT,3206,KABUPATEN TASIKMALAYA,ALAM,10,LOKASI,2014
17,32,JAWA BARAT,3206,KABUPATEN TASIKMALAYA,BUDAYA,2,LOKASI,2014
18,32,JAWA BARAT,3206,KABUPATEN TASIKMALAYA,MINAT KHUSUS,1,LOKASI,2014
19,32,JAWA BARAT,3207,KABUPATEN CIAMIS,ALAM,11,LOKASI,2014
20,32,JAWA BARAT,3207,KABUPATEN CIAMIS,BUDAYA,6,LOKASI,2014
21,32,JAWA BARAT,3207,KABUPATEN CIAMIS,MINAT KHUSUS,6,LOKASI,2014
22,32,JAWA BARAT,3208,KABUPATEN KUNINGAN,ALAM,19,LOKASI,2014
23,32,JAWA BARAT,3208,KABUPATEN KUNINGAN,BUDAYA,6,LOKASI,2014
24,32,JAWA BARAT,3208,KABUPATEN KUNINGAN,MINAT KHUSUS,3,LOKASI,2014
25,32,JAWA BARAT,3209,KABUPATEN CIREBON,ALAM,7,LOKASI,2014
26,32,JAWA BARAT,3209,KABUPATEN CIREBON,BUDAYA,4,LOKASI,2014
27,32,JAWA BARAT,3209,KABUPATEN CIREBON,MINAT KHUSUS,0,LOKASI,2014
28,32,JAWA BARAT,3210,KABUPATEN MAJALENGKA,ALAM,11,LOKASI,2014
29,32,JAWA BARAT,3210,KABUPATEN MAJALENGKA,BUDAYA,0,LOKASI,2014
30,32,JAWA BARAT,3210,KABUPATEN MAJALENGKA,MINAT KHUSUS,2,LOKASI,2014
31,32,JAWA BARAT,3211,KABUPATEN SUMEDANG,ALAM,14,LOKASI,2014
32,32,JAWA BARAT,3211,KABUPATEN SUMEDANG,BUDAYA,7,LOKASI,2014
33,32,JAWA BARAT,3211,KABUPATEN SUMEDANG,MINAT KHUSUS,8,LOKASI,2014
34,32,JAWA BARAT,3212,KABUPATEN INDRAMAYU,ALAM,4,LOKASI,2014
35,32,JAWA BARAT,3212,KABUPATEN INDRAMAYU,BUDAYA,1,LOKASI,2014
36,32,JAWA BARAT,3212,KABUPATEN INDRAMAYU,MINAT KHUSUS,0,LOKASI,2014
37,32,JAWA BARAT,3213,KABUPATEN SUBANG,ALAM,31,LOKASI,2014
38,32,JAWA BARAT,3213,KABUPATEN SUBANG,BUDAYA,11,LOKASI,2014
39,32,JAWA BARAT,3213,KABUPATEN SUBANG,MINAT KHUSUS,25,LOKASI,2014
40,32,JAWA BARAT,3214,KABUPATEN PURWAKARTA,ALAM,9,LOKASI,2014
41,32,JAWA BARAT,3214,KABUPATEN PURWAKARTA,BUDAYA,7,LOKASI,2014
42,32,JAWA BARAT,3214,KABUPATEN PURWAKARTA,MINAT KHUSUS,8,LOKASI,2014
43,32,JAWA BARAT,3215,KABUPATEN KARAWANG,ALAM,12,LOKASI,2014
44,32,JAWA BARAT,3215,KABUPATEN KARAWANG,BUDAYA,9,LOKASI,2014
45,32,JAWA BARAT,3215,KABUPATEN KARAWANG,MINAT KHUSUS,3,LOKASI,2014
46,32,JAWA BARAT,3216,KABUPATEN BEKASI,ALAM,4,LOKASI,2014
47,32,JAWA BARAT,3216,KABUPATEN BEKASI,BUDAYA,3,LOKASI,2014
48,32,JAWA BARAT,3216,KABUPATEN BEKASI,MINAT KHUSUS,3,LOKASI,2014
49,32,JAWA BARAT,3217,KABUPATEN BANDUNG BARAT,ALAM,26,LOKASI,2014
50,32,JAWA BARAT,3217,KABUPATEN BANDUNG BARAT,BUDAYA,10,LOKASI,2014
51,32,JAWA BARAT,3217,KABUPATEN BANDUNG BARAT,MINAT KHUSUS,3,LOKASI,2014
52,32,JAWA BARAT,3271,KOTA BOGOR,ALAM,0,LOKASI,2014
53,32,JAWA BARAT,3271,KOTA BOGOR,BUDAYA,2,LOKASI,2014
54,32,JAWA BARAT,3271,KOTA BOGOR,MINAT KHUSUS,55,LOKASI,2014
55,32,JAWA BARAT,3272,KOTA SUKABUMI,ALAM,2,LOKASI,2014
56,32,JAWA BARAT,3272,KOTA SUKABUMI,BUDAYA,0,LOKASI,2014
57,32,JAWA BARAT,3272,KOTA SUKABUMI,MINAT KHUSUS,0,LOKASI,2014
58,32,JAWA BARAT,3273,KOTA BANDUNG,ALAM,3,LOKASI,2014
59,32,JAWA BARAT,3273,KOTA BANDUNG,BUDAYA,3,LOKASI,2014
60,32,JAWA BARAT,3273,KOTA BANDUNG,MINAT KHUSUS,8,LOKASI,2014
61,32,JAWA BARAT,3274,KOTA CIREBON,ALAM,1,LOKASI,2014
62,32,JAWA BARAT,3274,KOTA CIREBON,BUDAYA,8,LOKASI,2014
63,32,JAWA BARAT,3274,KOTA CIREBON,MINAT KHUSUS,1,LOKASI,2014
64,32,JAWA BARAT,3275,KOTA BEKASI,ALAM,0,LOKASI,2014
65,32,JAWA BARAT,3275,KOTA BEKASI,BUDAYA,0,LOKASI,2014
66,32,JAWA BARAT,3275,KOTA BEKASI,MINAT KHUSUS,0,LOKASI,2014
67,32,JAWA BARAT,3276,KOTA DEPOK,ALAM,6,LOKASI,2014
68,32,JAWA BARAT,3276,KOTA DEPOK,BUDAYA,0,LOKASI,2014
69,32,JAWA BARAT,3276,KOTA DEPOK,MINAT KHUSUS,0,LOKASI,2014
70,32,JAWA BARAT,3277,KOTA CIMAHI,ALAM,0,LOKASI,2014
71,32,JAWA BARAT,3277,KOTA CIMAHI,BUDAYA,0,LOKASI,2014
72,32,JAWA BARAT,3277,KOTA CIMAHI,MINAT KHUSUS,0,LOKASI,2014
73,32,JAWA BARAT,3278,KOTA TASIKMALAYA,ALAM,3,LOKASI,2014
74,32,JAWA BARAT,3278,KOTA TASIKMALAYA,BUDAYA,4,LOKASI,2014
75,32,JAWA BARAT,3278,KOTA TASIKMALAYA,MINAT KHUSUS,0,LOKASI,2014
76,32,JAWA BARAT,3279,KOTA BANJAR,ALAM,1,LOKASI,2014
77,32,JAWA BARAT,3279,KOTA BANJAR,BUDAYA,0,LOKASI,2014
78,32,JAWA BARAT,3279,KOTA BANJAR,MINAT KHUSUS,0,LOKASI,2014
79,32,JAWA BARAT,3201,KABUPATEN BOGOR,ALAM,38,LOKASI,2015
80,32,JAWA BARAT,3201,KABUPATEN BOGOR,BUDAYA,3,LOKASI,2015
81,32,JAWA BARAT,3201,KABUPATEN BOGOR,MINAT KHUSUS,4,LOKASI,2015
82,32,JAWA BARAT,3202,KABUPATEN SUKABUMI,ALAM,36,LOKASI,2015
83,32,JAWA BARAT,3202,KABUPATEN SUKABUMI,BUDAYA,7,LOKASI,2015
84,32,JAWA BARAT,3202,KABUPATEN SUKABUMI,MINAT KHUSUS,7,LOKASI,2015
85,32,JAWA BARAT,3203,KABUPATEN CIANJUR,ALAM,9,LOKASI,2015
86,32,JAWA BARAT,3203,KABUPATEN CIANJUR,BUDAYA,3,LOKASI,2015
87,32,JAWA BARAT,3203,KABUPATEN CIANJUR,MINAT KHUSUS,4,LOKASI,2015
88,32,JAWA BARAT,3204,KABUPATEN BANDUNG,ALAM,78,LOKASI,2015
89,32,JAWA BARAT,3204,KABUPATEN BANDUNG,BUDAYA,41,LOKASI,2015
90,32,JAWA BARAT,3204,KABUPATEN BANDUNG,MINAT KHUSUS,0,LOKASI,2015
91,32,JAWA BARAT,3205,KABUPATEN GARUT,ALAM,28,LOKASI,2015
92,32,JAWA BARAT,3205,KABUPATEN GARUT,BUDAYA,5,LOKASI,2015
93,32,JAWA BARAT,3205,KABUPATEN GARUT,MINAT KHUSUS,6,LOKASI,2015
94,32,JAWA BARAT,3206,KABUPATEN TASIKMALAYA,ALAM,10,LOKASI,2015
95,32,JAWA BARAT,3206,KABUPATEN TASIKMALAYA,BUDAYA,2,LOKASI,2015
96,32,JAWA BARAT,3206,KABUPATEN TASIKMALAYA,MINAT KHUSUS,1,LOKASI,2015
97,32,JAWA BARAT,3207,KABUPATEN CIAMIS,ALAM,1,LOKASI,2015
98,32,JAWA BARAT,3207,KABUPATEN CIAMIS,BUDAYA,6,LOKASI,2015
99,32,JAWA BARAT,3207,KABUPATEN CIAMIS,MINAT KHUSUS,2,LOKASI,2015
100,32,JAWA BARAT,3208,KABUPATEN KUNINGAN,ALAM,19,LOKASI,2015
101,32,JAWA BARAT,3208,KABUPATEN KUNINGAN,BUDAYA,6,LOKASI,2015
102,32,JAWA BARAT,3208,KABUPATEN KUNINGAN,MINAT KHUSUS,3,LOKASI,2015
103,32,JAWA BARAT,3209,KABUPATEN CIREBON,ALAM,7,LOKASI,2015
104,32,JAWA BARAT,3209,KABUPATEN CIREBON,BUDAYA,4,LOKASI,2015
105,32,JAWA BARAT,3209,KABUPATEN CIREBON,MINAT KHUSUS,0,LOKASI,2015
106,32,JAWA BARAT,3210,KABUPATEN MAJALENGKA,ALAM,9,LOKASI,2015
107,32,JAWA BARAT,3210,KABUPATEN MAJALENGKA,BUDAYA,0,LOKASI,2015
108,32,JAWA BARAT,3210,KABUPATEN MAJALENGKA,MINAT KHUSUS,0,LOKASI,2015
109,32,JAWA BARAT,3211,KABUPATEN SUMEDANG,ALAM,10,LOKASI,2015
110,32,JAWA BARAT,3211,KABUPATEN SUMEDANG,BUDAYA,7,LOKASI,2015
111,32,JAWA BARAT,3211,KABUPATEN SUMEDANG,MINAT KHUSUS,5,LOKASI,2015
112,32,JAWA BARAT,3212,KABUPATEN INDRAMAYU,ALAM,4,LOKASI,2015
113,32,JAWA BARAT,3212,KABUPATEN INDRAMAYU,BUDAYA,1,LOKASI,2015
114,32,JAWA BARAT,3212,KABUPATEN INDRAMAYU,MINAT KHUSUS,0,LOKASI,2015
115,32,JAWA BARAT,3213,KABUPATEN SUBANG,ALAM,31,LOKASI,2015
116,32,JAWA BARAT,3213,KABUPATEN SUBANG,BUDAYA,11,LOKASI,2015
117,32,JAWA BARAT,3213,KABUPATEN SUBANG,MINAT KHUSUS,25,LOKASI,2015
118,32,JAWA BARAT,3214,KABUPATEN PURWAKARTA,ALAM,9,LOKASI,2015
119,32,JAWA BARAT,3214,KABUPATEN PURWAKARTA,BUDAYA,7,LOKASI,2015
120,32,JAWA BARAT,3214,KABUPATEN PURWAKARTA,MINAT KHUSUS,9,LOKASI,2015
121,32,JAWA BARAT,3215,KABUPATEN KARAWANG,ALAM,12,LOKASI,2015
122,32,JAWA BARAT,3215,KABUPATEN KARAWANG,BUDAYA,9,LOKASI,2015
123,32,JAWA BARAT,3215,KABUPATEN KARAWANG,MINAT KHUSUS,3,LOKASI,2015
124,32,JAWA BARAT,3216,KABUPATEN BEKASI,ALAM,4,LOKASI,2015
125,32,JAWA BARAT,3216,KABUPATEN BEKASI,BUDAYA,3,LOKASI,2015
126,32,JAWA BARAT,3216,KABUPATEN BEKASI,MINAT KHUSUS,3,LOKASI,2015
127,32,JAWA BARAT,3217,KABUPATEN BANDUNG BARAT,ALAM,26,LOKASI,2015
128,32,JAWA BARAT,3217,KABUPATEN BANDUNG BARAT,BUDAYA,10,LOKASI,2015
129,32,JAWA BARAT,3217,KABUPATEN BANDUNG BARAT,MINAT KHUSUS,3,LOKASI,2015
130,32,JAWA BARAT,3218,KABUPATEN PANGANDARAN,ALAM,0,LOKASI,2015
131,32,JAWA BARAT,3218,KABUPATEN PANGANDARAN,BUDAYA,0,LOKASI,2015
132,32,JAWA BARAT,3218,KABUPATEN PANGANDARAN,MINAT KHUSUS,0,LOKASI,2015
133,32,JAWA BARAT,3271,KOTA BOGOR,ALAM,0,LOKASI,2015
134,32,JAWA BARAT,3271,KOTA BOGOR,BUDAYA,2,LOKASI,2015
135,32,JAWA BARAT,3271,KOTA BOGOR,MINAT KHUSUS,55,LOKASI,2015
136,32,JAWA BARAT,3272,KOTA SUKABUMI,ALAM,2,LOKASI,2015
137,32,JAWA BARAT,3272,KOTA SUKABUMI,BUDAYA,0,LOKASI,2015
138,32,JAWA BARAT,3272,KOTA SUKABUMI,MINAT KHUSUS,0,LOKASI,2015
139,32,JAWA BARAT,3273,KOTA BANDUNG,ALAM,3,LOKASI,2015
140,32,JAWA BARAT,3273,KOTA BANDUNG,BUDAYA,3,LOKASI,2015
141,32,JAWA BARAT,3273,KOTA BANDUNG,MINAT KHUSUS,8,LOKASI,2015
142,32,JAWA BARAT,3274,KOTA CIREBON,ALAM,1,LOKASI,2015
143,32,JAWA BARAT,3274,KOTA CIREBON,BUDAYA,8,LOKASI,2015
144,32,JAWA BARAT,3274,KOTA CIREBON,MINAT KHUSUS,1,LOKASI,2015
145,32,JAWA BARAT,3275,KOTA BEKASI,ALAM,0,LOKASI,2015
146,32,JAWA BARAT,3275,KOTA BEKASI,BUDAYA,0,LOKASI,2015
147,32,JAWA BARAT,3275,KOTA BEKASI,MINAT KHUSUS,0,LOKASI,2015
148,32,JAWA BARAT,3276,KOTA DEPOK,ALAM,6,LOKASI,2015
149,32,JAWA BARAT,3276,KOTA DEPOK,BUDAYA,0,LOKASI,2015
150,32,JAWA BARAT,3276,KOTA DEPOK,MINAT KHUSUS,0,LOKASI,2015
151,32,JAWA BARAT,3277,KOTA CIMAHI,ALAM,0,LOKASI,2015
152,32,JAWA BARAT,3277,KOTA CIMAHI,BUDAYA,0,LOKASI,2015
153,32,JAWA BARAT,3277,KOTA CIMAHI,MINAT KHUSUS,0,LOKASI,2015
154,32,JAWA BARAT,3278,KOTA TASIKMALAYA,ALAM,3,LOKASI,2015
155,32,JAWA BARAT,3278,KOTA TASIKMALAYA,BUDAYA,4,LOKASI,2015
156,32,JAWA BARAT,3278,KOTA TASIKMALAYA,MINAT KHUSUS,0,LOKASI,2015
157,32,JAWA BARAT,3279,KOTA BANJAR,ALAM,1,LOKASI,2015
158,32,JAWA BARAT,3279,KOTA BANJAR,BUDAYA,0,LOKASI,2015
159,32,JAWA BARAT,3279,KOTA BANJAR,MINAT KHUSUS,0,LOKASI,2015
160,32,JAWA BARAT,3201,KABUPATEN BOGOR,ALAM,38,LOKASI,2016
161,32,JAWA BARAT,3201,KABUPATEN BOGOR,BUDAYA,3,LOKASI,2016
162,32,JAWA BARAT,3201,KABUPATEN BOGOR,MINAT KHUSUS,4,LOKASI,2016
163,32,JAWA BARAT,3202,KABUPATEN SUKABUMI,ALAM,36,LOKASI,2016
164,32,JAWA BARAT,3202,KABUPATEN SUKABUMI,BUDAYA,7,LOKASI,2016
165,32,JAWA BARAT,3202,KABUPATEN SUKABUMI,MINAT KHUSUS,7,LOKASI,2016
166,32,JAWA BARAT,3203,KABUPATEN CIANJUR,ALAM,9,LOKASI,2016
167,32,JAWA BARAT,3203,KABUPATEN CIANJUR,BUDAYA,3,LOKASI,2016
168,32,JAWA BARAT,3203,KABUPATEN CIANJUR,MINAT KHUSUS,4,LOKASI,2016
169,32,JAWA BARAT,3204,KABUPATEN BANDUNG,ALAM,56,LOKASI,2016
170,32,JAWA BARAT,3204,KABUPATEN BANDUNG,BUDAYA,8,LOKASI,2016
171,32,JAWA BARAT,3204,KABUPATEN BANDUNG,MINAT KHUSUS,0,LOKASI,2016
172,32,JAWA BARAT,3205,KABUPATEN GARUT,ALAM,24,LOKASI,2016
173,32,JAWA BARAT,3205,KABUPATEN GARUT,BUDAYA,10,LOKASI,2016
174,32,JAWA BARAT,3205,KABUPATEN GARUT,MINAT KHUSUS,4,LOKASI,2016
175,32,JAWA BARAT,3206,KABUPATEN TASIKMALAYA,ALAM,10,LOKASI,2016
176,32,JAWA BARAT,3206,KABUPATEN TASIKMALAYA,BUDAYA,2,LOKASI,2016
177,32,JAWA BARAT,3206,KABUPATEN TASIKMALAYA,MINAT KHUSUS,1,LOKASI,2016
178,32,JAWA BARAT,3207,KABUPATEN CIAMIS,ALAM,2,LOKASI,2016
179,32,JAWA BARAT,3207,KABUPATEN CIAMIS,BUDAYA,6,LOKASI,2016
180,32,JAWA BARAT,3207,KABUPATEN CIAMIS,MINAT KHUSUS,1,LOKASI,2016
181,32,JAWA BARAT,3208,KABUPATEN KUNINGAN,ALAM,19,LOKASI,2016
182,32,JAWA BARAT,3208,KABUPATEN KUNINGAN,BUDAYA,6,LOKASI,2016
183,32,JAWA BARAT,3208,KABUPATEN KUNINGAN,MINAT KHUSUS,3,LOKASI,2016
184,32,JAWA BARAT,3209,KABUPATEN CIREBON,ALAM,7,LOKASI,2016
185,32,JAWA BARAT,3209,KABUPATEN CIREBON,BUDAYA,4,LOKASI,2016
186,32,JAWA BARAT,3209,KABUPATEN CIREBON,MINAT KHUSUS,0,LOKASI,2016
187,32,JAWA BARAT,3210,KABUPATEN MAJALENGKA,ALAM,29,LOKASI,2016
188,32,JAWA BARAT,3210,KABUPATEN MAJALENGKA,BUDAYA,9,LOKASI,2016
189,32,JAWA BARAT,3210,KABUPATEN MAJALENGKA,MINAT KHUSUS,11,LOKASI,2016
190,32,JAWA BARAT,3211,KABUPATEN SUMEDANG,ALAM,12,LOKASI,2016
191,32,JAWA BARAT,3211,KABUPATEN SUMEDANG,BUDAYA,7,LOKASI,2016
192,32,JAWA BARAT,3211,KABUPATEN SUMEDANG,MINAT KHUSUS,5,LOKASI,2016
193,32,JAWA BARAT,3212,KABUPATEN INDRAMAYU,ALAM,1,LOKASI,2016
194,32,JAWA BARAT,3212,KABUPATEN INDRAMAYU,BUDAYA,0,LOKASI,2016
195,32,JAWA BARAT,3212,KABUPATEN INDRAMAYU,MINAT KHUSUS,0,LOKASI,2016
196,32,JAWA BARAT,3213,KABUPATEN SUBANG,ALAM,27,LOKASI,2016
197,32,JAWA BARAT,3213,KABUPATEN SUBANG,BUDAYA,9,LOKASI,2016
198,32,JAWA BARAT,3213,KABUPATEN SUBANG,MINAT KHUSUS,23,LOKASI,2016
199,32,JAWA BARAT,3214,KABUPATEN PURWAKARTA,ALAM,9,LOKASI,2016
200,32,JAWA BARAT,3214,KABUPATEN PURWAKARTA,BUDAYA,8,LOKASI,2016
201,32,JAWA BARAT,3214,KABUPATEN PURWAKARTA,MINAT KHUSUS,9,LOKASI,2016
202,32,JAWA BARAT,3215,KABUPATEN KARAWANG,ALAM,12,LOKASI,2016
203,32,JAWA BARAT,3215,KABUPATEN KARAWANG,BUDAYA,9,LOKASI,2016
204,32,JAWA BARAT,3215,KABUPATEN KARAWANG,MINAT KHUSUS,3,LOKASI,2016
205,32,JAWA BARAT,3216,KABUPATEN BEKASI,ALAM,4,LOKASI,2016
206,32,JAWA BARAT,3216,KABUPATEN BEKASI,BUDAYA,3,LOKASI,2016
207,32,JAWA BARAT,3216,KABUPATEN BEKASI,MINAT KHUSUS,3,LOKASI,2016
208,32,JAWA BARAT,3217,KABUPATEN BANDUNG BARAT,ALAM,26,LOKASI,2016
209,32,JAWA BARAT,3217,KABUPATEN BANDUNG BARAT,BUDAYA,10,LOKASI,2016
210,32,JAWA BARAT,3217,KABUPATEN BANDUNG BARAT,MINAT KHUSUS,3,LOKASI,2016
211,32,JAWA BARAT,3218,KABUPATEN PANGANDARAN,ALAM,11,LOKASI,2016
212,32,JAWA BARAT,3218,KABUPATEN PANGANDARAN,BUDAYA,5,LOKASI,2016
213,32,JAWA BARAT,3218,KABUPATEN PANGANDARAN,MINAT KHUSUS,14,LOKASI,2016
214,32,JAWA BARAT,3271,KOTA BOGOR,ALAM,5,LOKASI,2016
215,32,JAWA BARAT,3271,KOTA BOGOR,BUDAYA,8,LOKASI,2016
216,32,JAWA BARAT,3271,KOTA BOGOR,MINAT KHUSUS,9,LOKASI,2016
217,32,JAWA BARAT,3272,KOTA SUKABUMI,ALAM,2,LOKASI,2016
218,32,JAWA BARAT,3272,KOTA SUKABUMI,BUDAYA,0,LOKASI,2016
219,32,JAWA BARAT,3272,KOTA SUKABUMI,MINAT KHUSUS,0,LOKASI,2016
220,32,JAWA BARAT,3273,KOTA BANDUNG,ALAM,3,LOKASI,2016
221,32,JAWA BARAT,3273,KOTA BANDUNG,BUDAYA,3,LOKASI,2016
222,32,JAWA BARAT,3273,KOTA BANDUNG,MINAT KHUSUS,8,LOKASI,2016
223,32,JAWA BARAT,3274,KOTA CIREBON,ALAM,1,LOKASI,2016
224,32,JAWA BARAT,3274,KOTA CIREBON,BUDAYA,14,LOKASI,2016
225,32,JAWA BARAT,3274,KOTA CIREBON,MINAT KHUSUS,2,LOKASI,2016
226,32,JAWA BARAT,3275,KOTA BEKASI,ALAM,0,LOKASI,2016
227,32,JAWA BARAT,3275,KOTA BEKASI,BUDAYA,0,LOKASI,2016
228,32,JAWA BARAT,3275,KOTA BEKASI,MINAT KHUSUS,0,LOKASI,2016
229,32,JAWA BARAT,3276,KOTA DEPOK,ALAM,6,LOKASI,2016
230,32,JAWA BARAT,3276,KOTA DEPOK,BUDAYA,6,LOKASI,2016
231,32,JAWA BARAT,3276,KOTA DEPOK,MINAT KHUSUS,9,LOKASI,2016
232,32,JAWA BARAT,3277,KOTA CIMAHI,ALAM,3,LOKASI,2016
233,32,JAWA BARAT,3277,KOTA CIMAHI,BUDAYA,2,LOKASI,2016
234,32,JAWA BARAT,3277,KOTA CIMAHI,MINAT KHUSUS,1,LOKASI,2016
235,32,JAWA BARAT,3278,KOTA TASIKMALAYA,ALAM,4,LOKASI,2016
236,32,JAWA BARAT,3278,KOTA TASIKMALAYA,BUDAYA,5,LOKASI,2016
237,32,JAWA BARAT,3278,KOTA TASIKMALAYA,MINAT KHUSUS,2,LOKASI,2016
238,32,JAWA BARAT,3279,KOTA BANJAR,ALAM,1,LOKASI,2016
239,32,JAWA BARAT,3279,KOTA BANJAR,BUDAYA,1,LOKASI,2016
240,32,JAWA BARAT,3279,KOTA BANJAR,MINAT KHUSUS,0,LOKASI,2016
241,32,JAWA BARAT,3201,KABUPATEN BOGOR,ALAM,55,LOKASI,2017
242,32,JAWA BARAT,3201,KABUPATEN BOGOR,BUDAYA,3,LOKASI,2017
243,32,JAWA BARAT,3201,KABUPATEN BOGOR,MINAT KHUSUS,28,LOKASI,2017
244,32,JAWA BARAT,3202,KABUPATEN SUKABUMI,ALAM,36,LOKASI,2017
245,32,JAWA BARAT,3202,KABUPATEN SUKABUMI,BUDAYA,7,LOKASI,2017
246,32,JAWA BARAT,3202,KABUPATEN SUKABUMI,MINAT KHUSUS,7,LOKASI,2017
247,32,JAWA BARAT,3203,KABUPATEN CIANJUR,ALAM,12,LOKASI,2017
248,32,JAWA BARAT,3203,KABUPATEN CIANJUR,BUDAYA,3,LOKASI,2017
249,32,JAWA BARAT,3203,KABUPATEN CIANJUR,MINAT KHUSUS,4,LOKASI,2017
250,32,JAWA BARAT,3204,KABUPATEN BANDUNG,ALAM,56,LOKASI,2017
251,32,JAWA BARAT,3204,KABUPATEN BANDUNG,BUDAYA,8,LOKASI,2017
252,32,JAWA BARAT,3204,KABUPATEN BANDUNG,MINAT KHUSUS,0,LOKASI,2017
253,32,JAWA BARAT,3205,KABUPATEN GARUT,ALAM,30,LOKASI,2017
254,32,JAWA BARAT,3205,KABUPATEN GARUT,BUDAYA,6,LOKASI,2017
255,32,JAWA BARAT,3205,KABUPATEN GARUT,MINAT KHUSUS,7,LOKASI,2017
256,32,JAWA BARAT,3206,KABUPATEN TASIKMALAYA,ALAM,59,LOKASI,2017
257,32,JAWA BARAT,3206,KABUPATEN TASIKMALAYA,BUDAYA,84,LOKASI,2017
258,32,JAWA BARAT,3206,KABUPATEN TASIKMALAYA,MINAT KHUSUS,3,LOKASI,2017
259,32,JAWA BARAT,3207,KABUPATEN CIAMIS,ALAM,82,LOKASI,2017
260,32,JAWA BARAT,3207,KABUPATEN CIAMIS,BUDAYA,45,LOKASI,2017
261,32,JAWA BARAT,3207,KABUPATEN CIAMIS,MINAT KHUSUS,2,LOKASI,2017
262,32,JAWA BARAT,3208,KABUPATEN KUNINGAN,ALAM,19,LOKASI,2017
263,32,JAWA BARAT,3208,KABUPATEN KUNINGAN,BUDAYA,6,LOKASI,2017
264,32,JAWA BARAT,3208,KABUPATEN KUNINGAN,MINAT KHUSUS,3,LOKASI,2017
265,32,JAWA BARAT,3209,KABUPATEN CIREBON,ALAM,7,LOKASI,2017
266,32,JAWA BARAT,3209,KABUPATEN CIREBON,BUDAYA,4,LOKASI,2017
267,32,JAWA BARAT,3209,KABUPATEN CIREBON,MINAT KHUSUS,0,LOKASI,2017
268,32,JAWA BARAT,3210,KABUPATEN MAJALENGKA,ALAM,29,LOKASI,2017
269,32,JAWA BARAT,3210,KABUPATEN MAJALENGKA,BUDAYA,9,LOKASI,2017
270,32,JAWA BARAT,3210,KABUPATEN MAJALENGKA,MINAT KHUSUS,11,LOKASI,2017
271,32,JAWA BARAT,3211,KABUPATEN SUMEDANG,ALAM,20,LOKASI,2017
272,32,JAWA BARAT,3211,KABUPATEN SUMEDANG,BUDAYA,11,LOKASI,2017
273,32,JAWA BARAT,3211,KABUPATEN SUMEDANG,MINAT KHUSUS,1,LOKASI,2017
274,32,JAWA BARAT,3212,KABUPATEN INDRAMAYU,ALAM,24,LOKASI,2017
275,32,JAWA BARAT,3212,KABUPATEN INDRAMAYU,BUDAYA,0,LOKASI,2017
276,32,JAWA BARAT,3212,KABUPATEN INDRAMAYU,MINAT KHUSUS,0,LOKASI,2017
277,32,JAWA BARAT,3213,KABUPATEN SUBANG,ALAM,5,LOKASI,2017
278,32,JAWA BARAT,3213,KABUPATEN SUBANG,BUDAYA,6,LOKASI,2017
279,32,JAWA BARAT,3213,KABUPATEN SUBANG,MINAT KHUSUS,2,LOKASI,2017
280,32,JAWA BARAT,3214,KABUPATEN PURWAKARTA,ALAM,9,LOKASI,2017
281,32,JAWA BARAT,3214,KABUPATEN PURWAKARTA,BUDAYA,8,LOKASI,2017
282,32,JAWA BARAT,3214,KABUPATEN PURWAKARTA,MINAT KHUSUS,9,LOKASI,2017
283,32,JAWA BARAT,3215,KABUPATEN KARAWANG,ALAM,33,LOKASI,2017
284,32,JAWA BARAT,3215,KABUPATEN KARAWANG,BUDAYA,13,LOKASI,2017
285,32,JAWA BARAT,3215,KABUPATEN KARAWANG,MINAT KHUSUS,9,LOKASI,2017
286,32,JAWA BARAT,3216,KABUPATEN BEKASI,ALAM,4,LOKASI,2017
287,32,JAWA BARAT,3216,KABUPATEN BEKASI,BUDAYA,3,LOKASI,2017
288,32,JAWA BARAT,3216,KABUPATEN BEKASI,MINAT KHUSUS,3,LOKASI,2017
289,32,JAWA BARAT,3217,KABUPATEN BANDUNG BARAT,ALAM,26,LOKASI,2017
290,32,JAWA BARAT,3217,KABUPATEN BANDUNG BARAT,BUDAYA,10,LOKASI,2017
291,32,JAWA BARAT,3217,KABUPATEN BANDUNG BARAT,MINAT KHUSUS,3,LOKASI,2017
292,32,JAWA BARAT,3218,KABUPATEN PANGANDARAN,ALAM,57,LOKASI,2017
293,32,JAWA BARAT,3218,KABUPATEN PANGANDARAN,BUDAYA,47,LOKASI,2017
294,32,JAWA BARAT,3218,KABUPATEN PANGANDARAN,MINAT KHUSUS,106,LOKASI,2017
295,32,JAWA BARAT,3271,KOTA BOGOR,ALAM,5,LOKASI,2017
296,32,JAWA BARAT,3271,KOTA BOGOR,BUDAYA,8,LOKASI,2017
297,32,JAWA BARAT,3271,KOTA BOGOR,MINAT KHUSUS,9,LOKASI,2017
298,32,JAWA BARAT,3272,KOTA SUKABUMI,ALAM,2,LOKASI,2017
299,32,JAWA BARAT,3272,KOTA SUKABUMI,BUDAYA,0,LOKASI,2017
300,32,JAWA BARAT,3272,KOTA SUKABUMI,MINAT KHUSUS,0,LOKASI,2017
301,32,JAWA BARAT,3273,KOTA BANDUNG,ALAM,3,LOKASI,2017
302,32,JAWA BARAT,3273,KOTA BANDUNG,BUDAYA,3,LOKASI,2017
303,32,JAWA BARAT,3273,KOTA BANDUNG,MINAT KHUSUS,8,LOKASI,2017
304,32,JAWA BARAT,3274,KOTA CIREBON,ALAM,1,LOKASI,2017
305,32,JAWA BARAT,3274,KOTA CIREBON,BUDAYA,14,LOKASI,2017
306,32,JAWA BARAT,3274,KOTA CIREBON,MINAT KHUSUS,2,LOKASI,2017
307,32,JAWA BARAT,3275,KOTA BEKASI,ALAM,0,LOKASI,2017
308,32,JAWA BARAT,3275,KOTA BEKASI,BUDAYA,0,LOKASI,2017
309,32,JAWA BARAT,3275,KOTA BEKASI,MINAT KHUSUS,0,LOKASI,2017
310,32,JAWA BARAT,3276,KOTA DEPOK,ALAM,6,LOKASI,2017
311,32,JAWA BARAT,3276,KOTA DEPOK,BUDAYA,6,LOKASI,2017
312,32,JAWA BARAT,3276,KOTA DEPOK,MINAT KHUSUS,9,LOKASI,2017
313,32,JAWA BARAT,3277,KOTA CIMAHI,ALAM,1,LOKASI,2017
314,32,JAWA BARAT,3277,KOTA CIMAHI,BUDAYA,2,LOKASI,2017
315,32,JAWA BARAT,3277,KOTA CIMAHI,MINAT KHUSUS,3,LOKASI,2017
316,32,JAWA BARAT,3278,KOTA TASIKMALAYA,ALAM,4,LOKASI,2017
317,32,JAWA BARAT,3278,KOTA TASIKMALAYA,BUDAYA,5,LOKASI,2017
318,32,JAWA BARAT,3278,KOTA TASIKMALAYA,MINAT KHUSUS,2,LOKASI,2017
319,32,JAWA BARAT,3279,KOTA BANJAR,ALAM,1,LOKASI,2017
320,32,JAWA BARAT,3279,KOTA BANJAR,BUDAYA,0,LOKASI,2017
321,32,JAWA BARAT,3279,KOTA BANJAR,MINAT KHUSUS,0,LOKASI,2017
322,32,JAWA BARAT,3201,KABUPATEN BOGOR,ALAM,55,LOKASI,2018
323,32,JAWA BARAT,3201,KABUPATEN BOGOR,BUDAYA,3,LOKASI,2018
324,32,JAWA BARAT,3201,KABUPATEN BOGOR,BUATAN,28,LOKASI,2018
325,32,JAWA BARAT,3202,KABUPATEN SUKABUMI,ALAM,0,LOKASI,2018
326,32,JAWA BARAT,3202,KABUPATEN SUKABUMI,BUDAYA,0,LOKASI,2018
327,32,JAWA BARAT,3202,KABUPATEN SUKABUMI,BUATAN,0,LOKASI,2018
328,32,JAWA BARAT,3203,KABUPATEN CIANJUR,ALAM,59,LOKASI,2018
329,32,JAWA BARAT,3203,KABUPATEN CIANJUR,BUDAYA,9,LOKASI,2018
330,32,JAWA BARAT,3203,KABUPATEN CIANJUR,BUATAN,14,LOKASI,2018
331,32,JAWA BARAT,3204,KABUPATEN BANDUNG,ALAM,48,LOKASI,2018
332,32,JAWA BARAT,3204,KABUPATEN BANDUNG,BUDAYA,7,LOKASI,2018
333,32,JAWA BARAT,3204,KABUPATEN BANDUNG,BUATAN,39,LOKASI,2018
334,32,JAWA BARAT,3205,KABUPATEN GARUT,ALAM,102,LOKASI,2018
335,32,JAWA BARAT,3205,KABUPATEN GARUT,BUDAYA,35,LOKASI,2018
336,32,JAWA BARAT,3205,KABUPATEN GARUT,BUATAN,67,LOKASI,2018
337,32,JAWA BARAT,3206,KABUPATEN TASIKMALAYA,ALAM,386,LOKASI,2018
338,32,JAWA BARAT,3206,KABUPATEN TASIKMALAYA,BUDAYA,20,LOKASI,2018
339,32,JAWA BARAT,3206,KABUPATEN TASIKMALAYA,BUATAN,2,LOKASI,2018
340,32,JAWA BARAT,3207,KABUPATEN CIAMIS,ALAM,82,LOKASI,2018
341,32,JAWA BARAT,3207,KABUPATEN CIAMIS,BUDAYA,45,LOKASI,2018
342,32,JAWA BARAT,3207,KABUPATEN CIAMIS,BUATAN,16,LOKASI,2018
343,32,JAWA BARAT,3208,KABUPATEN KUNINGAN,ALAM,23,LOKASI,2018
344,32,JAWA BARAT,3208,KABUPATEN KUNINGAN,BUDAYA,3,LOKASI,2018
345,32,JAWA BARAT,3208,KABUPATEN KUNINGAN,BUATAN,9,LOKASI,2018
346,32,JAWA BARAT,3209,KABUPATEN CIREBON,ALAM,7,LOKASI,2018
347,32,JAWA BARAT,3209,KABUPATEN CIREBON,BUDAYA,116,LOKASI,2018
348,32,JAWA BARAT,3209,KABUPATEN CIREBON,BUATAN,10,LOKASI,2018
349,32,JAWA BARAT,3210,KABUPATEN MAJALENGKA,ALAM,99,LOKASI,2018
350,32,JAWA BARAT,3210,KABUPATEN MAJALENGKA,BUDAYA,39,LOKASI,2018
351,32,JAWA BARAT,3210,KABUPATEN MAJALENGKA,BUATAN,37,LOKASI,2018
352,32,JAWA BARAT,3211,KABUPATEN SUMEDANG,ALAM,0,LOKASI,2018
353,32,JAWA BARAT,3211,KABUPATEN SUMEDANG,BUDAYA,0,LOKASI,2018
354,32,JAWA BARAT,3211,KABUPATEN SUMEDANG,BUATAN,0,LOKASI,2018
355,32,JAWA BARAT,3212,KABUPATEN INDRAMAYU,ALAM,13,LOKASI,2018
356,32,JAWA BARAT,3212,KABUPATEN INDRAMAYU,BUDAYA,9,LOKASI,2018
357,32,JAWA BARAT,3212,KABUPATEN INDRAMAYU,BUATAN,6,LOKASI,2018
358,32,JAWA BARAT,3213,KABUPATEN SUBANG,ALAM,27,LOKASI,2018
359,32,JAWA BARAT,3213,KABUPATEN SUBANG,BUDAYA,3,LOKASI,2018
360,32,JAWA BARAT,3213,KABUPATEN SUBANG,BUATAN,17,LOKASI,2018
361,32,JAWA BARAT,3214,KABUPATEN PURWAKARTA,ALAM,19,LOKASI,2018
362,32,JAWA BARAT,3214,KABUPATEN PURWAKARTA,BUDAYA,8,LOKASI,2018
363,32,JAWA BARAT,3214,KABUPATEN PURWAKARTA,BUATAN,11,LOKASI,2018
364,32,JAWA BARAT,3215,KABUPATEN KARAWANG,ALAM,44,LOKASI,2018
365,32,JAWA BARAT,3215,KABUPATEN KARAWANG,BUDAYA,33,LOKASI,2018
366,32,JAWA BARAT,3215,KABUPATEN KARAWANG,BUATAN,7,LOKASI,2018
367,32,JAWA BARAT,3216,KABUPATEN BEKASI,ALAM,5,LOKASI,2018
368,32,JAWA BARAT,3216,KABUPATEN BEKASI,BUDAYA,0,LOKASI,2018
369,32,JAWA BARAT,3216,KABUPATEN BEKASI,BUATAN,18,LOKASI,2018
370,32,JAWA BARAT,3217,KABUPATEN BANDUNG BARAT,ALAM,64,LOKASI,2018
371,32,JAWA BARAT,3217,KABUPATEN BANDUNG BARAT,BUDAYA,14,LOKASI,2018
372,32,JAWA BARAT,3217,KABUPATEN BANDUNG BARAT,BUATAN,56,LOKASI,2018
373,32,JAWA BARAT,3218,KABUPATEN PANGANDARAN,ALAM,56,LOKASI,2018
374,32,JAWA BARAT,3218,KABUPATEN PANGANDARAN,BUDAYA,47,LOKASI,2018
375,32,JAWA BARAT,3218,KABUPATEN PANGANDARAN,BUATAN,0,LOKASI,2018
376,32,JAWA BARAT,3271,KOTA BOGOR,ALAM,0,LOKASI,2018
377,32,JAWA BARAT,3271,KOTA BOGOR,BUDAYA,1,LOKASI,2018
378,32,JAWA BARAT,3271,KOTA BOGOR,BUATAN,22,LOKASI,2018
379,32,JAWA BARAT,3272,KOTA SUKABUMI,ALAM,0,LOKASI,2018
380,32,JAWA BARAT,3272,KOTA SUKABUMI,BUDAYA,0,LOKASI,2018
381,32,JAWA BARAT,3272,KOTA SUKABUMI,BUATAN,0,LOKASI,2018
382,32,JAWA BARAT,3273,KOTA BANDUNG,ALAM,3,LOKASI,2018
383,32,JAWA BARAT,3273,KOTA BANDUNG,BUDAYA,14,LOKASI,2018
384,32,JAWA BARAT,3273,KOTA BANDUNG,BUATAN,0,LOKASI,2018
385,32,JAWA BARAT,3274,KOTA CIREBON,ALAM,1,LOKASI,2018
386,32,JAWA BARAT,3274,KOTA CIREBON,BUDAYA,14,LOKASI,2018
387,32,JAWA BARAT,3274,KOTA CIREBON,BUATAN,2,LOKASI,2018
388,32,JAWA BARAT,3275,KOTA BEKASI,ALAM,4,LOKASI,2018
389,32,JAWA BARAT,3275,KOTA BEKASI,BUDAYA,3,LOKASI,2018
390,32,JAWA BARAT,3275,KOTA BEKASI,BUATAN,0,LOKASI,2018
391,32,JAWA BARAT,3276,KOTA DEPOK,ALAM,9,LOKASI,2018
392,32,JAWA BARAT,3276,KOTA DEPOK,BUDAYA,6,LOKASI,2018
393,32,JAWA BARAT,3276,KOTA DEPOK,BUATAN,9,LOKASI,2018
394,32,JAWA BARAT,3277,KOTA CIMAHI,ALAM,1,LOKASI,2018
395,32,JAWA BARAT,3277,KOTA CIMAHI,BUDAYA,2,LOKASI,2018
396,32,JAWA BARAT,3277,KOTA CIMAHI,BUATAN,3,LOKASI,2018
397,32,JAWA BARAT,3278,KOTA TASIKMALAYA,ALAM,4,LOKASI,2018
398,32,JAWA BARAT,3278,KOTA TASIKMALAYA,BUDAYA,5,LOKASI,2018
399,32,JAWA BARAT,3278,KOTA TASIKMALAYA,BUATAN,2,LOKASI,2018
400,32,JAWA BARAT,3279,KOTA BANJAR,ALAM,1,LOKASI,2018
401,32,JAWA BARAT,3279,KOTA BANJAR,BUDAYA,0,LOKASI,2018
402,32,JAWA BARAT,3279,KOTA BANJAR,BUATAN,1,LOKASI,2018
403,32,JAWA BARAT,3201,KABUPATEN BOGOR,ALAM,169,LOKASI,2019
404,32,JAWA BARAT,3201,KABUPATEN BOGOR,BUDAYA,61,LOKASI,2019
405,32,JAWA BARAT,3201,KABUPATEN BOGOR,BUATAN,151,LOKASI,2019
406,32,JAWA BARAT,3202,KABUPATEN SUKABUMI,ALAM,47,LOKASI,2019
407,32,JAWA BARAT,3202,KABUPATEN SUKABUMI,BUDAYA,7,LOKASI,2019
408,32,JAWA BARAT,3202,KABUPATEN SUKABUMI,BUATAN,6,LOKASI,2019
409,32,JAWA BARAT,3203,KABUPATEN CIANJUR,ALAM,86,LOKASI,2019
410,32,JAWA BARAT,3203,KABUPATEN CIANJUR,BUDAYA,14,LOKASI,2019
411,32,JAWA BARAT,3203,KABUPATEN CIANJUR,BUATAN,18,LOKASI,2019
412,32,JAWA BARAT,3204,KABUPATEN BANDUNG,ALAM,48,LOKASI,2019
413,32,JAWA BARAT,3204,KABUPATEN BANDUNG,BUDAYA,7,LOKASI,2019
414,32,JAWA BARAT,3204,KABUPATEN BANDUNG,BUATAN,41,LOKASI,2019
415,32,JAWA BARAT,3205,KABUPATEN GARUT,ALAM,106,LOKASI,2019
416,32,JAWA BARAT,3205,KABUPATEN GARUT,BUDAYA,35,LOKASI,2019
417,32,JAWA BARAT,3205,KABUPATEN GARUT,BUATAN,67,LOKASI,2019
418,32,JAWA BARAT,3206,KABUPATEN TASIKMALAYA,ALAM,380,LOKASI,2019
419,32,JAWA BARAT,3206,KABUPATEN TASIKMALAYA,BUDAYA,20,LOKASI,2019
420,32,JAWA BARAT,3206,KABUPATEN TASIKMALAYA,BUATAN,2,LOKASI,2019
421,32,JAWA BARAT,3207,KABUPATEN CIAMIS,ALAM,82,LOKASI,2019
422,32,JAWA BARAT,3207,KABUPATEN CIAMIS,BUDAYA,45,LOKASI,2019
423,32,JAWA BARAT,3207,KABUPATEN CIAMIS,BUATAN,16,LOKASI,2019
424,32,JAWA BARAT,3208,KABUPATEN KUNINGAN,ALAM,109,LOKASI,2019
425,32,JAWA BARAT,3208,KABUPATEN KUNINGAN,BUDAYA,14,LOKASI,2019
426,32,JAWA BARAT,3208,KABUPATEN KUNINGAN,BUATAN,26,LOKASI,2019
427,32,JAWA BARAT,3209,KABUPATEN CIREBON,ALAM,8,LOKASI,2019
428,32,JAWA BARAT,3209,KABUPATEN CIREBON,BUDAYA,116,LOKASI,2019
429,32,JAWA BARAT,3209,KABUPATEN CIREBON,BUATAN,10,LOKASI,2019
430,32,JAWA BARAT,3210,KABUPATEN MAJALENGKA,ALAM,100,LOKASI,2019
431,32,JAWA BARAT,3210,KABUPATEN MAJALENGKA,BUDAYA,39,LOKASI,2019
432,32,JAWA BARAT,3210,KABUPATEN MAJALENGKA,BUATAN,40,LOKASI,2019
433,32,JAWA BARAT,3211,KABUPATEN SUMEDANG,ALAM,20,LOKASI,2019
434,32,JAWA BARAT,3211,KABUPATEN SUMEDANG,BUDAYA,11,LOKASI,2019
435,32,JAWA BARAT,3211,KABUPATEN SUMEDANG,BUATAN,1,LOKASI,2019
436,32,JAWA BARAT,3212,KABUPATEN INDRAMAYU,ALAM,16,LOKASI,2019
437,32,JAWA BARAT,3212,KABUPATEN INDRAMAYU,BUDAYA,4,LOKASI,2019
438,32,JAWA BARAT,3212,KABUPATEN INDRAMAYU,BUATAN,5,LOKASI,2019
439,32,JAWA BARAT,3213,KABUPATEN SUBANG,ALAM,54,LOKASI,2019
440,32,JAWA BARAT,3213,KABUPATEN SUBANG,BUDAYA,1,LOKASI,2019
441,32,JAWA BARAT,3213,KABUPATEN SUBANG,BUATAN,26,LOKASI,2019
442,32,JAWA BARAT,3214,KABUPATEN PURWAKARTA,ALAM,28,LOKASI,2019
443,32,JAWA BARAT,3214,KABUPATEN PURWAKARTA,BUDAYA,10,LOKASI,2019
444,32,JAWA BARAT,3214,KABUPATEN PURWAKARTA,BUATAN,22,LOKASI,2019
445,32,JAWA BARAT,3215,KABUPATEN KARAWANG,ALAM,50,LOKASI,2019
446,32,JAWA BARAT,3215,KABUPATEN KARAWANG,BUDAYA,39,LOKASI,2019
447,32,JAWA BARAT,3215,KABUPATEN KARAWANG,BUATAN,37,LOKASI,2019
448,32,JAWA BARAT,3216,KABUPATEN BEKASI,ALAM,5,LOKASI,2019
449,32,JAWA BARAT,3216,KABUPATEN BEKASI,BUDAYA,0,LOKASI,2019
450,32,JAWA BARAT,3216,KABUPATEN BEKASI,BUATAN,18,LOKASI,2019
451,32,JAWA BARAT,3217,KABUPATEN BANDUNG BARAT,ALAM,69,LOKASI,2019
452,32,JAWA BARAT,3217,KABUPATEN BANDUNG BARAT,BUDAYA,17,LOKASI,2019
453,32,JAWA BARAT,3217,KABUPATEN BANDUNG BARAT,BUATAN,65,LOKASI,2019
454,32,JAWA BARAT,3218,KABUPATEN PANGANDARAN,ALAM,156,LOKASI,2019
455,32,JAWA BARAT,3218,KABUPATEN PANGANDARAN,BUDAYA,54,LOKASI,2019
456,32,JAWA BARAT,3218,KABUPATEN PANGANDARAN,BUATAN,22,LOKASI,2019
457,32,JAWA BARAT,3271,KOTA BOGOR,ALAM,0,LOKASI,2019
458,32,JAWA BARAT,3271,KOTA BOGOR,BUDAYA,1,LOKASI,2019
459,32,JAWA BARAT,3271,KOTA BOGOR,BUATAN,22,LOKASI,2019
460,32,JAWA BARAT,3272,KOTA SUKABUMI,ALAM,0,LOKASI,2019
461,32,JAWA BARAT,3272,KOTA SUKABUMI,BUDAYA,0,LOKASI,2019
462,32,JAWA BARAT,3272,KOTA SUKABUMI,BUATAN,0,LOKASI,2019
463,32,JAWA BARAT,3273,KOTA BANDUNG,ALAM,3,LOKASI,2019
464,32,JAWA BARAT,3273,KOTA BANDUNG,BUDAYA,4,LOKASI,2019
465,32,JAWA BARAT,3273,KOTA BANDUNG,BUATAN,6,LOKASI,2019
466,32,JAWA BARAT,3274,KOTA CIREBON,ALAM,1,LOKASI,2019
467,32,JAWA BARAT,3274,KOTA CIREBON,BUDAYA,14,LOKASI,2019
468,32,JAWA BARAT,3274,KOTA CIREBON,BUATAN,2,LOKASI,2019
469,32,JAWA BARAT,3275,KOTA BEKASI,ALAM,4,LOKASI,2019
470,32,JAWA BARAT,3275,KOTA BEKASI,BUDAYA,3,LOKASI,2019
471,32,JAWA BARAT,3275,KOTA BEKASI,BUATAN,5,LOKASI,2019
472,32,JAWA BARAT,3276,KOTA DEPOK,ALAM,0,LOKASI,2019
473,32,JAWA BARAT,3276,KOTA DEPOK,BUDAYA,0,LOKASI,2019
474,32,JAWA BARAT,3276,KOTA DEPOK,BUATAN,0,LOKASI,2019
475,32,JAWA BARAT,3277,KOTA CIMAHI,ALAM,2,LOKASI,2019
476,32,JAWA BARAT,3277,KOTA CIMAHI,BUDAYA,2,LOKASI,2019
477,32,JAWA BARAT,3277,KOTA CIMAHI,BUATAN,3,LOKASI,2019
478,32,JAWA BARAT,3278,KOTA TASIKMALAYA,ALAM,6,LOKASI,2019
479,32,JAWA BARAT,3278,KOTA TASIKMALAYA,BUDAYA,5,LOKASI,2019
480,32,JAWA BARAT,3278,KOTA TASIKMALAYA,BUATAN,2,LOKASI,2019
481,32,JAWA BARAT,3279,KOTA BANJAR,ALAM,1,LOKASI,2019
482,32,JAWA BARAT,3279,KOTA BANJAR,BUDAYA,0,LOKASI,2019
483,32,JAWA BARAT,3279,KOTA BANJAR,BUATAN,1,LOKASI,2019
484,32,JAWA BARAT,3201,KABUPATEN BOGOR,ALAM,169,LOKASI,2020
485,32,JAWA BARAT,3201,KABUPATEN BOGOR,BUDAYA,61,LOKASI,2020
486,32,JAWA BARAT,3201,KABUPATEN BOGOR,BUATAN,151,LOKASI,2020
487,32,JAWA BARAT,3202,KABUPATEN SUKABUMI,ALAM,47,LOKASI,2020
488,32,JAWA BARAT,3202,KABUPATEN SUKABUMI,BUDAYA,7,LOKASI,2020
489,32,JAWA BARAT,3202,KABUPATEN SUKABUMI,BUATAN,6,LOKASI,2020
490,32,JAWA BARAT,3203,KABUPATEN CIANJUR,ALAM,90,LOKASI,2020
491,32,JAWA BARAT,3203,KABUPATEN CIANJUR,BUDAYA,23,LOKASI,2020
492,32,JAWA BARAT,3203,KABUPATEN CIANJUR,BUATAN,21,LOKASI,2020
493,32,JAWA BARAT,3204,KABUPATEN BANDUNG,ALAM,48,LOKASI,2020
494,32,JAWA BARAT,3204,KABUPATEN BANDUNG,BUDAYA,7,LOKASI,2020
495,32,JAWA BARAT,3204,KABUPATEN BANDUNG,BUATAN,41,LOKASI,2020
496,32,JAWA BARAT,3205,KABUPATEN GARUT,ALAM,106,LOKASI,2020
497,32,JAWA BARAT,3205,KABUPATEN GARUT,BUDAYA,36,LOKASI,2020
498,32,JAWA BARAT,3205,KABUPATEN GARUT,BUATAN,73,LOKASI,2020
499,32,JAWA BARAT,3206,KABUPATEN TASIKMALAYA,ALAM,196,LOKASI,2020
500,32,JAWA BARAT,3206,KABUPATEN TASIKMALAYA,BUDAYA,100,LOKASI,2020
501,32,JAWA BARAT,3206,KABUPATEN TASIKMALAYA,BUATAN,2,LOKASI,2020
502,32,JAWA BARAT,3207,KABUPATEN CIAMIS,ALAM,82,LOKASI,2020
503,32,JAWA BARAT,3207,KABUPATEN CIAMIS,BUDAYA,45,LOKASI,2020
504,32,JAWA BARAT,3207,KABUPATEN CIAMIS,BUATAN,18,LOKASI,2020
505,32,JAWA BARAT,3208,KABUPATEN KUNINGAN,ALAM,108,LOKASI,2020
506,32,JAWA BARAT,3208,KABUPATEN KUNINGAN,BUDAYA,14,LOKASI,2020
507,32,JAWA BARAT,3208,KABUPATEN KUNINGAN,BUATAN,26,LOKASI,2020
508,32,JAWA BARAT,3209,KABUPATEN CIREBON,ALAM,8,LOKASI,2020
509,32,JAWA BARAT,3209,KABUPATEN CIREBON,BUDAYA,7,LOKASI,2020
510,32,JAWA BARAT,3209,KABUPATEN CIREBON,BUATAN,7,LOKASI,2020
511,32,JAWA BARAT,3210,KABUPATEN MAJALENGKA,ALAM,100,LOKASI,2020
512,32,JAWA BARAT,3210,KABUPATEN MAJALENGKA,BUDAYA,39,LOKASI,2020
513,32,JAWA BARAT,3210,KABUPATEN MAJALENGKA,BUATAN,40,LOKASI,2020
514,32,JAWA BARAT,3211,KABUPATEN SUMEDANG,ALAM,29,LOKASI,2020
515,32,JAWA BARAT,3211,KABUPATEN SUMEDANG,BUDAYA,11,LOKASI,2020
516,32,JAWA BARAT,3211,KABUPATEN SUMEDANG,BUATAN,60,LOKASI,2020
517,32,JAWA BARAT,3212,KABUPATEN INDRAMAYU,ALAM,15,LOKASI,2020
518,32,JAWA BARAT,3212,KABUPATEN INDRAMAYU,BUDAYA,13,LOKASI,2020
519,32,JAWA BARAT,3212,KABUPATEN INDRAMAYU,BUATAN,11,LOKASI,2020
520,32,JAWA BARAT,3213,KABUPATEN SUBANG,ALAM,58,LOKASI,2020
521,32,JAWA BARAT,3213,KABUPATEN SUBANG,BUDAYA,1,LOKASI,2020
522,32,JAWA BARAT,3213,KABUPATEN SUBANG,BUATAN,53,LOKASI,2020
523,32,JAWA BARAT,3214,KABUPATEN PURWAKARTA,ALAM,28,LOKASI,2020
524,32,JAWA BARAT,3214,KABUPATEN PURWAKARTA,BUDAYA,10,LOKASI,2020
525,32,JAWA BARAT,3214,KABUPATEN PURWAKARTA,BUATAN,25,LOKASI,2020
526,32,JAWA BARAT,3215,KABUPATEN KARAWANG,ALAM,50,LOKASI,2020
527,32,JAWA BARAT,3215,KABUPATEN KARAWANG,BUDAYA,39,LOKASI,2020
528,32,JAWA BARAT,3215,KABUPATEN KARAWANG,BUATAN,38,LOKASI,2020
529,32,JAWA BARAT,3216,KABUPATEN BEKASI,ALAM,11,LOKASI,2020
530,32,JAWA BARAT,3216,KABUPATEN BEKASI,BUDAYA,2,LOKASI,2020
531,32,JAWA BARAT,3216,KABUPATEN BEKASI,BUATAN,22,LOKASI,2020
532,32,JAWA BARAT,3217,KABUPATEN BANDUNG BARAT,ALAM,74,LOKASI,2020
533,32,JAWA BARAT,3217,KABUPATEN BANDUNG BARAT,BUDAYA,18,LOKASI,2020
534,32,JAWA BARAT,3217,KABUPATEN BANDUNG BARAT,BUATAN,67,LOKASI,2020
535,32,JAWA BARAT,3218,KABUPATEN PANGANDARAN,ALAM,171,LOKASI,2020
536,32,JAWA BARAT,3218,KABUPATEN PANGANDARAN,BUDAYA,73,LOKASI,2020
537,32,JAWA BARAT,3218,KABUPATEN PANGANDARAN,BUATAN,25,LOKASI,2020
538,32,JAWA BARAT,3271,KOTA BOGOR,ALAM,0,LOKASI,2020
539,32,JAWA BARAT,3271,KOTA BOGOR,BUDAYA,1,LOKASI,2020
540,32,JAWA BARAT,3271,KOTA BOGOR,BUATAN,22,LOKASI,2020
541,32,JAWA BARAT,3272,KOTA SUKABUMI,ALAM,2,LOKASI,2020
542,32,JAWA BARAT,3272,KOTA SUKABUMI,BUDAYA,0,LOKASI,2020
543,32,JAWA BARAT,3272,KOTA SUKABUMI,BUATAN,12,LOKASI,2020
544,32,JAWA BARAT,3273,KOTA BANDUNG,ALAM,11,LOKASI,2020
545,32,JAWA BARAT,3273,KOTA BANDUNG,BUDAYA,6,LOKASI,2020
546,32,JAWA BARAT,3273,KOTA BANDUNG,BUATAN,7,LOKASI,2020
547,32,JAWA BARAT,3274,KOTA CIREBON,ALAM,1,LOKASI,2020
548,32,JAWA BARAT,3274,KOTA CIREBON,BUDAYA,14,LOKASI,2020
549,32,JAWA BARAT,3274,KOTA CIREBON,BUATAN,2,LOKASI,2020
550,32,JAWA BARAT,3275,KOTA BEKASI,ALAM,3,LOKASI,2020
551,32,JAWA BARAT,3275,KOTA BEKASI,BUDAYA,3,LOKASI,2020
552,32,JAWA BARAT,3275,KOTA BEKASI,BUATAN,6,LOKASI,2020
553,32,JAWA BARAT,3276,KOTA DEPOK,ALAM,85,LOKASI,2020
554,32,JAWA BARAT,3276,KOTA DEPOK,BUDAYA,0,LOKASI,2020
555,32,JAWA BARAT,3276,KOTA DEPOK,BUATAN,0,LOKASI,2020
556,32,JAWA BARAT,3277,KOTA CIMAHI,ALAM,2,LOKASI,2020
557,32,JAWA BARAT,3277,KOTA CIMAHI,BUDAYA,2,LOKASI,2020
558,32,JAWA BARAT,3277,KOTA CIMAHI,BUATAN,3,LOKASI,2020
559,32,JAWA BARAT,3278,KOTA TASIKMALAYA,ALAM,6,LOKASI,2020
560,32,JAWA BARAT,3278,KOTA TASIKMALAYA,BUDAYA,5,LOKASI,2020
561,32,JAWA BARAT,3278,KOTA TASIKMALAYA,BUATAN,2,LOKASI,2020
562,32,JAWA BARAT,3279,KOTA BANJAR,ALAM,2,LOKASI,2020
563,32,JAWA BARAT,3279,KOTA BANJAR,BUDAYA,0,LOKASI,2020
564,32,JAWA BARAT,3279,KOTA BANJAR,BUATAN,1,LOKASI,2020
565,32,JAWA BARAT,3201,KABUPATEN BOGOR,ALAM,100,LOKASI,2021
566,32,JAWA BARAT,3201,KABUPATEN BOGOR,BUDAYA,13,LOKASI,2021
567,32,JAWA BARAT,3201,KABUPATEN BOGOR,BUATAN,43,LOKASI,2021
568,32,JAWA BARAT,3202,KABUPATEN SUKABUMI,ALAM,47,LOKASI,2021
569,32,JAWA BARAT,3202,KABUPATEN SUKABUMI,BUDAYA,7,LOKASI,2021
570,32,JAWA BARAT,3202,KABUPATEN SUKABUMI,BUATAN,6,LOKASI,2021
571,32,JAWA BARAT,3203,KABUPATEN CIANJUR,ALAM,98,LOKASI,2021
572,32,JAWA BARAT,3203,KABUPATEN CIANJUR,BUDAYA,25,LOKASI,2021
573,32,JAWA BARAT,3203,KABUPATEN CIANJUR,BUATAN,27,LOKASI,2021
574,32,JAWA BARAT,3204,KABUPATEN BANDUNG,ALAM,56,LOKASI,2021
575,32,JAWA BARAT,3204,KABUPATEN BANDUNG,BUDAYA,164,LOKASI,2021
576,32,JAWA BARAT,3204,KABUPATEN BANDUNG,BUATAN,80,LOKASI,2021
577,32,JAWA BARAT,3205,KABUPATEN GARUT,ALAM,106,LOKASI,2021
578,32,JAWA BARAT,3205,KABUPATEN GARUT,BUDAYA,36,LOKASI,2021
579,32,JAWA BARAT,3205,KABUPATEN GARUT,BUATAN,73,LOKASI,2021
580,32,JAWA BARAT,3206,KABUPATEN TASIKMALAYA,ALAM,42,LOKASI,2021
581,32,JAWA BARAT,3206,KABUPATEN TASIKMALAYA,BUDAYA,17,LOKASI,2021
582,32,JAWA BARAT,3206,KABUPATEN TASIKMALAYA,BUATAN,2,LOKASI,2021
583,32,JAWA BARAT,3207,KABUPATEN CIAMIS,ALAM,13,LOKASI,2021
584,32,JAWA BARAT,3207,KABUPATEN CIAMIS,BUDAYA,5,LOKASI,2021
585,32,JAWA BARAT,3207,KABUPATEN CIAMIS,BUATAN,20,LOKASI,2021
586,32,JAWA BARAT,3208,KABUPATEN KUNINGAN,ALAM,109,LOKASI,2021
587,32,JAWA BARAT,3208,KABUPATEN KUNINGAN,BUDAYA,14,LOKASI,2021
588,32,JAWA BARAT,3208,KABUPATEN KUNINGAN,BUATAN,26,LOKASI,2021
589,32,JAWA BARAT,3209,KABUPATEN CIREBON,ALAM,8,LOKASI,2021
590,32,JAWA BARAT,3209,KABUPATEN CIREBON,BUDAYA,8,LOKASI,2021
591,32,JAWA BARAT,3209,KABUPATEN CIREBON,BUATAN,7,LOKASI,2021
592,32,JAWA BARAT,3210,KABUPATEN MAJALENGKA,ALAM,100,LOKASI,2021
593,32,JAWA BARAT,3210,KABUPATEN MAJALENGKA,BUDAYA,39,LOKASI,2021
594,32,JAWA BARAT,3210,KABUPATEN MAJALENGKA,BUATAN,40,LOKASI,2021
595,32,JAWA BARAT,3211,KABUPATEN SUMEDANG,ALAM,30,LOKASI,2021
596,32,JAWA BARAT,3211,KABUPATEN SUMEDANG,BUDAYA,11,LOKASI,2021
597,32,JAWA BARAT,3211,KABUPATEN SUMEDANG,BUATAN,56,LOKASI,2021
598,32,JAWA BARAT,3212,KABUPATEN INDRAMAYU,ALAM,15,LOKASI,2021
599,32,JAWA BARAT,3212,KABUPATEN INDRAMAYU,BUDAYA,13,LOKASI,2021
600,32,JAWA BARAT,3212,KABUPATEN INDRAMAYU,BUATAN,11,LOKASI,2021
601,32,JAWA BARAT,3213,KABUPATEN SUBANG,ALAM,63,LOKASI,2021
602,32,JAWA BARAT,3213,KABUPATEN SUBANG,BUDAYA,1,LOKASI,2021
603,32,JAWA BARAT,3213,KABUPATEN SUBANG,BUATAN,61,LOKASI,2021
604,32,JAWA BARAT,3214,KABUPATEN PURWAKARTA,ALAM,28,LOKASI,2021
605,32,JAWA BARAT,3214,KABUPATEN PURWAKARTA,BUDAYA,10,LOKASI,2021
606,32,JAWA BARAT,3214,KABUPATEN PURWAKARTA,BUATAN,25,LOKASI,2021
607,32,JAWA BARAT,3215,KABUPATEN KARAWANG,ALAM,50,LOKASI,2021
608,32,JAWA BARAT,3215,KABUPATEN KARAWANG,BUDAYA,39,LOKASI,2021
609,32,JAWA BARAT,3215,KABUPATEN KARAWANG,BUATAN,38,LOKASI,2021
610,32,JAWA BARAT,3216,KABUPATEN BEKASI,ALAM,11,LOKASI,2021
611,32,JAWA BARAT,3216,KABUPATEN BEKASI,BUDAYA,2,LOKASI,2021
612,32,JAWA BARAT,3216,KABUPATEN BEKASI,BUATAN,22,LOKASI,2021
613,32,JAWA BARAT,3217,KABUPATEN BANDUNG BARAT,ALAM,74,LOKASI,2021
614,32,JAWA BARAT,3217,KABUPATEN BANDUNG BARAT,BUDAYA,18,LOKASI,2021
615,32,JAWA BARAT,3217,KABUPATEN BANDUNG BARAT,BUATAN,67,LOKASI,2021
616,32,JAWA BARAT,3218,KABUPATEN PANGANDARAN,ALAM,182,LOKASI,2021
617,32,JAWA BARAT,3218,KABUPATEN PANGANDARAN,BUDAYA,75,LOKASI,2021
618,32,JAWA BARAT,3218,KABUPATEN PANGANDARAN,BUATAN,28,LOKASI,2021
619,32,JAWA BARAT,3271,KOTA BOGOR,ALAM,3,LOKASI,2021
620,32,JAWA BARAT,3271,KOTA BOGOR,BUDAYA,8,LOKASI,2021
621,32,JAWA BARAT,3271,KOTA BOGOR,BUATAN,19,LOKASI,2021
622,32,JAWA BARAT,3272,KOTA SUKABUMI,ALAM,3,LOKASI,2021
623,32,JAWA BARAT,3272,KOTA SUKABUMI,BUDAYA,3,LOKASI,2021
624,32,JAWA BARAT,3272,KOTA SUKABUMI,BUATAN,11,LOKASI,2021
625,32,JAWA BARAT,3273,KOTA BANDUNG,ALAM,3,LOKASI,2021
626,32,JAWA BARAT,3273,KOTA BANDUNG,BUDAYA,10,LOKASI,2021
627,32,JAWA BARAT,3273,KOTA BANDUNG,BUATAN,48,LOKASI,2021
628,32,JAWA BARAT,3274,KOTA CIREBON,ALAM,1,LOKASI,2021
629,32,JAWA BARAT,3274,KOTA CIREBON,BUDAYA,14,LOKASI,2021
630,32,JAWA BARAT,3274,KOTA CIREBON,BUATAN,2,LOKASI,2021
631,32,JAWA BARAT,3275,KOTA BEKASI,ALAM,3,LOKASI,2021
632,32,JAWA BARAT,3275,KOTA BEKASI,BUDAYA,36,LOKASI,2021
633,32,JAWA BARAT,3275,KOTA BEKASI,BUATAN,39,LOKASI,2021
634,32,JAWA BARAT,3276,KOTA DEPOK,ALAM,19,LOKASI,2021
635,32,JAWA BARAT,3276,KOTA DEPOK,BUDAYA,48,LOKASI,2021
636,32,JAWA BARAT,3276,KOTA DEPOK,BUATAN,17,LOKASI,2021
637,32,JAWA BARAT,3277,KOTA CIMAHI,ALAM,2,LOKASI,2021
638,32,JAWA BARAT,3277,KOTA CIMAHI,BUDAYA,2,LOKASI,2021
639,32,JAWA BARAT,3277,KOTA CIMAHI,BUATAN,3,LOKASI,2021
640,32,JAWA BARAT,3278,KOTA TASIKMALAYA,ALAM,8,LOKASI,2021
641,32,JAWA BARAT,3278,KOTA TASIKMALAYA,BUDAYA,4,LOKASI,2021
642,32,JAWA BARAT,3278,KOTA TASIKMALAYA,BUATAN,9,LOKASI,2021
643,32,JAWA BARAT,3279,KOTA BANJAR,ALAM,0,LOKASI,2021
644,32,JAWA BARAT,3279,KOTA BANJAR,BUDAYA,0,LOKASI,2021
645,32,JAWA BARAT,3279,KOTA BANJAR,BUATAN,7,LOKASI,2021
646,32,JAWA BARAT,3201,KABUPATEN BOGOR,ALAM,122,LOKASI,2022
647,32,JAWA BARAT,3201,KABUPATEN BOGOR,BUDAYA,30,LOKASI,2022
648,32,JAWA BARAT,3201,KABUPATEN BOGOR,BUATAN,54,LOKASI,2022
649,32,JAWA BARAT,3202,KABUPATEN SUKABUMI,ALAM,96,LOKASI,2022
650,32,JAWA BARAT,3202,KABUPATEN SUKABUMI,BUDAYA,7,LOKASI,2022
651,32,JAWA BARAT,3202,KABUPATEN SUKABUMI,BUATAN,5,LOKASI,2022
652,32,JAWA BARAT,3203,KABUPATEN CIANJUR,ALAM,94,LOKASI,2022
653,32,JAWA BARAT,3203,KABUPATEN CIANJUR,BUDAYA,24,LOKASI,2022
654,32,JAWA BARAT,3203,KABUPATEN CIANJUR,BUATAN,28,LOKASI,2022
655,32,JAWA BARAT,3204,KABUPATEN BANDUNG,ALAM,77,LOKASI,2022
656,32,JAWA BARAT,3204,KABUPATEN BANDUNG,BUDAYA,175,LOKASI,2022
657,32,JAWA BARAT,3204,KABUPATEN BANDUNG,BUATAN,61,LOKASI,2022
658,32,JAWA BARAT,3205,KABUPATEN GARUT,ALAM,115,LOKASI,2022
659,32,JAWA BARAT,3205,KABUPATEN GARUT,BUDAYA,40,LOKASI,2022
660,32,JAWA BARAT,3205,KABUPATEN GARUT,BUATAN,71,LOKASI,2022
661,32,JAWA BARAT,3206,KABUPATEN TASIKMALAYA,ALAM,110,LOKASI,2022
662,32,JAWA BARAT,3206,KABUPATEN TASIKMALAYA,BUDAYA,2,LOKASI,2022
663,32,JAWA BARAT,3206,KABUPATEN TASIKMALAYA,BUATAN,4,LOKASI,2022
664,32,JAWA BARAT,3207,KABUPATEN CIAMIS,ALAM,16,LOKASI,2022
665,32,JAWA BARAT,3207,KABUPATEN CIAMIS,BUDAYA,10,LOKASI,2022
666,32,JAWA BARAT,3207,KABUPATEN CIAMIS,BUATAN,24,LOKASI,2022
667,32,JAWA BARAT,3208,KABUPATEN KUNINGAN,ALAM,117,LOKASI,2022
668,32,JAWA BARAT,3208,KABUPATEN KUNINGAN,BUDAYA,14,LOKASI,2022
669,32,JAWA BARAT,3208,KABUPATEN KUNINGAN,BUATAN,25,LOKASI,2022
670,32,JAWA BARAT,3209,KABUPATEN CIREBON,ALAM,8,LOKASI,2022
671,32,JAWA BARAT,3209,KABUPATEN CIREBON,BUDAYA,8,LOKASI,2022
672,32,JAWA BARAT,3209,KABUPATEN CIREBON,BUATAN,7,LOKASI,2022
673,32,JAWA BARAT,3210,KABUPATEN MAJALENGKA,ALAM,112,LOKASI,2022
674,32,JAWA BARAT,3210,KABUPATEN MAJALENGKA,BUDAYA,39,LOKASI,2022
675,32,JAWA BARAT,3210,KABUPATEN MAJALENGKA,BUATAN,46,LOKASI,2022
676,32,JAWA BARAT,3211,KABUPATEN SUMEDANG,ALAM,36,LOKASI,2022
677,32,JAWA BARAT,3211,KABUPATEN SUMEDANG,BUDAYA,11,LOKASI,2022
678,32,JAWA BARAT,3211,KABUPATEN SUMEDANG,BUATAN,64,LOKASI,2022
679,32,JAWA BARAT,3212,KABUPATEN INDRAMAYU,ALAM,13,LOKASI,2022
680,32,JAWA BARAT,3212,KABUPATEN INDRAMAYU,BUDAYA,9,LOKASI,2022
681,32,JAWA BARAT,3212,KABUPATEN INDRAMAYU,BUATAN,4,LOKASI,2022
682,32,JAWA BARAT,3213,KABUPATEN SUBANG,ALAM,68,LOKASI,2022
683,32,JAWA BARAT,3213,KABUPATEN SUBANG,BUDAYA,1,LOKASI,2022
684,32,JAWA BARAT,3213,KABUPATEN SUBANG,BUATAN,14,LOKASI,2022
685,32,JAWA BARAT,3214,KABUPATEN PURWAKARTA,ALAM,28,LOKASI,2022
686,32,JAWA BARAT,3214,KABUPATEN PURWAKARTA,BUDAYA,10,LOKASI,2022
687,32,JAWA BARAT,3214,KABUPATEN PURWAKARTA,BUATAN,26,LOKASI,2022
688,32,JAWA BARAT,3215,KABUPATEN KARAWANG,ALAM,50,LOKASI,2022
689,32,JAWA BARAT,3215,KABUPATEN KARAWANG,BUDAYA,39,LOKASI,2022
690,32,JAWA BARAT,3215,KABUPATEN KARAWANG,BUATAN,38,LOKASI,2022
691,32,JAWA BARAT,3216,KABUPATEN BEKASI,ALAM,11,LOKASI,2022
692,32,JAWA BARAT,3216,KABUPATEN BEKASI,BUDAYA,2,LOKASI,2022
693,32,JAWA BARAT,3216,KABUPATEN BEKASI,BUATAN,25,LOKASI,2022
694,32,JAWA BARAT,3217,KABUPATEN BANDUNG BARAT,ALAM,74,LOKASI,2022
695,32,JAWA BARAT,3217,KABUPATEN BANDUNG BARAT,BUDAYA,19,LOKASI,2022
696,32,JAWA BARAT,3217,KABUPATEN BANDUNG BARAT,BUATAN,67,LOKASI,2022
697,32,JAWA BARAT,3218,KABUPATEN PANGANDARAN,ALAM,182,LOKASI,2022
698,32,JAWA BARAT,3218,KABUPATEN PANGANDARAN,BUDAYA,76,LOKASI,2022
699,32,JAWA BARAT,3218,KABUPATEN PANGANDARAN,BUATAN,28,LOKASI,2022
700,32,JAWA BARAT,3271,KOTA BOGOR,ALAM,9,LOKASI,2022
701,32,JAWA BARAT,3271,KOTA BOGOR,BUDAYA,20,LOKASI,2022
702,32,JAWA BARAT,3271,KOTA BOGOR,BUATAN,9,LOKASI,2022
703,32,JAWA BARAT,3272,KOTA SUKABUMI,ALAM,3,LOKASI,2022
704,32,JAWA BARAT,3272,KOTA SUKABUMI,BUDAYA,3,LOKASI,2022
705,32,JAWA BARAT,3272,KOTA SUKABUMI,BUATAN,12,LOKASI,2022
706,32,JAWA BARAT,3273,KOTA BANDUNG,ALAM,10,LOKASI,2022
707,32,JAWA BARAT,3273,KOTA BANDUNG,BUDAYA,10,LOKASI,2022
708,32,JAWA BARAT,3273,KOTA BANDUNG,BUATAN,48,LOKASI,2022
709,32,JAWA BARAT,3274,KOTA CIREBON,ALAM,1,LOKASI,2022
710,32,JAWA BARAT,3274,KOTA CIREBON,BUDAYA,14,LOKASI,2022
711,32,JAWA BARAT,3274,KOTA CIREBON,BUATAN,2,LOKASI,2022
712,32,JAWA BARAT,3275,KOTA BEKASI,ALAM,3,LOKASI,2022
713,32,JAWA BARAT,3275,KOTA BEKASI,BUDAYA,18,LOKASI,2022
714,32,JAWA BARAT,3275,KOTA BEKASI,BUATAN,39,LOKASI,2022
715,32,JAWA BARAT,3276,KOTA DEPOK,ALAM,19,LOKASI,2022
716,32,JAWA BARAT,3276,KOTA DEPOK,BUDAYA,48,LOKASI,2022
717,32,JAWA BARAT,3276,KOTA DEPOK,BUATAN,17,LOKASI,2022
718,32,JAWA BARAT,3277,KOTA CIMAHI,ALAM,3,LOKASI,2022
719,32,JAWA BARAT,3277,KOTA CIMAHI,BUDAYA,2,LOKASI,2022
720,32,JAWA BARAT,3277,KOTA CIMAHI,BUATAN,4,LOKASI,2022
721,32,JAWA BARAT,3278,KOTA TASIKMALAYA,ALAM,19,LOKASI,2022
722,32,JAWA BARAT,3278,KOTA TASIKMALAYA,BUDAYA,20,LOKASI,2022
723,32,JAWA BARAT,3278,KOTA TASIKMALAYA,BUATAN,12,LOKASI,2022
724,32,JAWA BARAT,3279,KOTA BANJAR,ALAM,10,LOKASI,2022
725,32,JAWA BARAT,3279,KOTA BANJAR,BUDAYA,3,LOKASI,2022
726,32,JAWA BARAT,3279,KOTA BANJAR,BUATAN,12,LOKASI,2022
727,32,JAWA BARAT,3201,KABUPATEN BOGOR,ALAM,122,LOKASI,2023
728,32,JAWA BARAT,3201,KABUPATEN BOGOR,BUDAYA,35,LOKASI,2023
729,32,JAWA BARAT,3201,KABUPATEN BOGOR,BUATAN,54,LOKASI,2023
730,32,JAWA BARAT,3202,KABUPATEN SUKABUMI,ALAM,115,LOKASI,2023
731,32,JAWA BARAT,3202,KABUPATEN SUKABUMI,BUDAYA,10,LOKASI,2023
732,32,JAWA BARAT,3202,KABUPATEN SUKABUMI,BUATAN,5,LOKASI,2023
733,32,JAWA BARAT,3203,KABUPATEN CIANJUR,ALAM,103,LOKASI,2023
734,32,JAWA BARAT,3203,KABUPATEN CIANJUR,BUDAYA,21,LOKASI,2023
735,32,JAWA BARAT,3203,KABUPATEN CIANJUR,BUATAN,32,LOKASI,2023
736,32,JAWA BARAT,3204,KABUPATEN BANDUNG,ALAM,77,LOKASI,2023
737,32,JAWA BARAT,3204,KABUPATEN BANDUNG,BUDAYA,175,LOKASI,2023
738,32,JAWA BARAT,3204,KABUPATEN BANDUNG,BUATAN,61,LOKASI,2023
739,32,JAWA BARAT,3205,KABUPATEN GARUT,ALAM,115,LOKASI,2023
740,32,JAWA BARAT,3205,KABUPATEN GARUT,BUDAYA,40,LOKASI,2023
741,32,JAWA BARAT,3205,KABUPATEN GARUT,BUATAN,71,LOKASI,2023
742,32,JAWA BARAT,3206,KABUPATEN TASIKMALAYA,ALAM,110,LOKASI,2023
743,32,JAWA BARAT,3206,KABUPATEN TASIKMALAYA,BUDAYA,2,LOKASI,2023
744,32,JAWA BARAT,3206,KABUPATEN TASIKMALAYA,BUATAN,5,LOKASI,2023
745,32,JAWA BARAT,3207,KABUPATEN CIAMIS,ALAM,16,LOKASI,2023
746,32,JAWA BARAT,3207,KABUPATEN CIAMIS,BUDAYA,10,LOKASI,2023
747,32,JAWA BARAT,3207,KABUPATEN CIAMIS,BUATAN,24,LOKASI,2023
748,32,JAWA BARAT,3208,KABUPATEN KUNINGAN,ALAM,117,LOKASI,2023
749,32,JAWA BARAT,3208,KABUPATEN KUNINGAN,BUDAYA,14,LOKASI,2023
750,32,JAWA BARAT,3208,KABUPATEN KUNINGAN,BUATAN,29,LOKASI,2023
751,32,JAWA BARAT,3209,KABUPATEN CIREBON,ALAM,8,LOKASI,2023
752,32,JAWA BARAT,3209,KABUPATEN CIREBON,BUDAYA,6,LOKASI,2023
753,32,JAWA BARAT,3209,KABUPATEN CIREBON,BUATAN,4,LOKASI,2023
754,32,JAWA BARAT,3210,KABUPATEN MAJALENGKA,ALAM,118,LOKASI,2023
755,32,JAWA BARAT,3210,KABUPATEN MAJALENGKA,BUDAYA,39,LOKASI,2023
756,32,JAWA BARAT,3210,KABUPATEN MAJALENGKA,BUATAN,47,LOKASI,2023
757,32,JAWA BARAT,3211,KABUPATEN SUMEDANG,ALAM,36,LOKASI,2023
758,32,JAWA BARAT,3211,KABUPATEN SUMEDANG,BUDAYA,11,LOKASI,2023
759,32,JAWA BARAT,3211,KABUPATEN SUMEDANG,BUATAN,60,LOKASI,2023
760,32,JAWA BARAT,3212,KABUPATEN INDRAMAYU,ALAM,13,LOKASI,2023
761,32,JAWA BARAT,3212,KABUPATEN INDRAMAYU,BUDAYA,9,LOKASI,2023
762,32,JAWA BARAT,3212,KABUPATEN INDRAMAYU,BUATAN,6,LOKASI,2023
763,32,JAWA BARAT,3213,KABUPATEN SUBANG,ALAM,68,LOKASI,2023
764,32,JAWA BARAT,3213,KABUPATEN SUBANG,BUDAYA,1,LOKASI,2023
765,32,JAWA BARAT,3213,KABUPATEN SUBANG,BUATAN,14,LOKASI,2023
766,32,JAWA BARAT,3214,KABUPATEN PURWAKARTA,ALAM,26,LOKASI,2023
767,32,JAWA BARAT,3214,KABUPATEN PURWAKARTA,BUDAYA,10,LOKASI,2023
768,32,JAWA BARAT,3214,KABUPATEN PURWAKARTA,BUATAN,27,LOKASI,2023
769,32,JAWA BARAT,3215,KABUPATEN KARAWANG,ALAM,50,LOKASI,2023
770,32,JAWA BARAT,3215,KABUPATEN KARAWANG,BUDAYA,39,LOKASI,2023
771,32,JAWA BARAT,3215,KABUPATEN KARAWANG,BUATAN,38,LOKASI,2023
772,32,JAWA BARAT,3216,KABUPATEN BEKASI,ALAM,10,LOKASI,2023
773,32,JAWA BARAT,3216,KABUPATEN BEKASI,BUDAYA,2,LOKASI,2023
774,32,JAWA BARAT,3216,KABUPATEN BEKASI,BUATAN,25,LOKASI,2023
775,32,JAWA BARAT,3217,KABUPATEN BANDUNG BARAT,ALAM,74,LOKASI,2023
776,32,JAWA BARAT,3217,KABUPATEN BANDUNG BARAT,BUDAYA,19,LOKASI,2023
777,32,JAWA BARAT,3217,KABUPATEN BANDUNG BARAT,BUATAN,70,LOKASI,2023
778,32,JAWA BARAT,3218,KABUPATEN PANGANDARAN,ALAM,233,LOKASI,2023
779,32,JAWA BARAT,3218,KABUPATEN PANGANDARAN,BUDAYA,103,LOKASI,2023
780,32,JAWA BARAT,3218,KABUPATEN PANGANDARAN,BUATAN,53,LOKASI,2023
781,32,JAWA BARAT,3271,KOTA BOGOR,ALAM,9,LOKASI,2023
782,32,JAWA BARAT,3271,KOTA BOGOR,BUDAYA,20,LOKASI,2023
783,32,JAWA BARAT,3271,KOTA BOGOR,BUATAN,9,LOKASI,2023
784,32,JAWA BARAT,3272,KOTA SUKABUMI,ALAM,3,LOKASI,2023
785,32,JAWA BARAT,3272,KOTA SUKABUMI,BUDAYA,3,LOKASI,2023
786,32,JAWA BARAT,3272,KOTA SUKABUMI,BUATAN,11,LOKASI,2023
787,32,JAWA BARAT,3273,KOTA BANDUNG,ALAM,10,LOKASI,2023
788,32,JAWA BARAT,3273,KOTA BANDUNG,BUDAYA,10,LOKASI,2023
789,32,JAWA BARAT,3273,KOTA BANDUNG,BUATAN,48,LOKASI,2023
790,32,JAWA BARAT,3274,KOTA CIREBON,ALAM,1,LOKASI,2023
791,32,JAWA BARAT,3274,KOTA CIREBON,BUDAYA,14,LOKASI,2023
792,32,JAWA BARAT,3274,KOTA CIREBON,BUATAN,2,LOKASI,2023
793,32,JAWA BARAT,3275,KOTA BEKASI,ALAM,3,LOKASI,2023
794,32,JAWA BARAT,3275,KOTA BEKASI,BUDAYA,18,LOKASI,2023
795,32,JAWA BARAT,3275,KOTA BEKASI,BUATAN,39,LOKASI,2023
796,32,JAWA BARAT,3276,KOTA DEPOK,ALAM,22,LOKASI,2023
797,32,JAWA BARAT,3276,KOTA DEPOK,BUDAYA,48,LOKASI,2023
798,32,JAWA BARAT,3276,KOTA DEPOK,BUATAN,20,LOKASI,2023
799,32,JAWA BARAT,3277,KOTA CIMAHI,ALAM,3,LOKASI,2023
800,32,JAWA BARAT,3277,KOTA CIMAHI,BUDAYA,2,LOKASI,2023
801,32,JAWA BARAT,3277,KOTA CIMAHI,BUATAN,4,LOKASI,2023
802,32,JAWA BARAT,3278,KOTA TASIKMALAYA,ALAM,6,LOKASI,2023
803,32,JAWA BARAT,3278,KOTA TASIKMALAYA,BUDAYA,26,LOKASI,2023
804,32,JAWA BARAT,3278,KOTA TASIKMALAYA,BUATAN,14,LOKASI,2023
805,32,JAWA BARAT,3279,KOTA BANJAR,ALAM,13,LOKASI,2023
806,32,JAWA BARAT,3279,KOTA BANJAR,BUDAYA,3,LOKASI,2023
807,32,JAWA BARAT,3279,KOTA BANJAR,BUATAN,11,LOKASI,2023
